Date,Algo 1,Algo 2
2014-05-28,0.0017446466944906400,
2014-05-29,0.003978067122430200,
2014-05-30,0.004464154449145610,
2014-06-02,0.005692407792873900,
2014-06-03,0.005292254857469620,
2014-06-04,-0.001837573515192170,
2014-06-05,0.004062389903839600,0.013285047859202800
2014-06-06,0.001856653527175450,0.008283771193849780
2014-06-09,-0.005011641725495160,0.005668108528444870
2014-06-10,0.004406054730592150,-0.0007354920754258350
2014-06-11,0.004760098111486000,-0.0037612790592383700
2014-06-12,-2.8236584441595E-05,-0.0038411294061609800
2014-06-13,0.0019173935356267700,-0.0008143888607544560
2014-06-16,0.0010840264294560500,0.0018306830134897000
2014-06-17,0.0009220495467447560,0.006869710025412220
2014-06-18,-0.0063033411754054700,0.007228216204864130
2014-06-19,-0.0008528868558436870,0.003988947576781750
2014-06-20,0.006397620886421570,0.003928499081696560
2014-06-23,-0.004532259262218120,-0.0006147431802631350
2014-06-24,0.011861275097833800,-0.00938909409881114
2014-06-25,-0.001321402869643940,0.006322459050504330
2014-06-26,-0.00021271812577845200,-0.0003335179834055580
2014-06-27,0.007136136430268800,0.004594924514057740
2014-06-30,-0.0015836216300565800,0.0052421591318199900
2014-07-01,0.0018174824626382600,0.007710392939257290
2014-07-02,0.003299779428118710,-0.002833826703552410
2014-07-03,0.0013577194261448000,0.00312509518685981
2014-07-07,0.0027818636553532800,-0.012257574036568200
2014-07-08,0.0024881253574092400,-0.010457268201887100
2014-07-09,-0.001880924722077450,0.004427119776971330
2014-07-10,-0.0011531534959454300,-0.011213780405347100
2014-07-11,-0.00036581936712898100,0.0027801397669089900
2014-07-14,0.0044603221215334400,0.004614064755532750
2014-07-15,-0.002106388389867260,-0.007798816212944210
2014-07-16,-0.0031863350549020800,0.00010923873470359400
2014-07-17,-0.009029619474488050,-0.008056234774919180
2014-07-18,0.012265244833335300,0.008167202519394090
2014-07-21,-0.004785684737446070,0.00017007581264343000
2014-07-22,0.007619713513634220,0.00415289569809441
2014-07-23,0.0021532885567249500,0.00010891207016752100
2014-07-24,-0.0024857972959861900,-0.0028715123351462500
2014-07-25,-0.0034659663762372400,-0.002641164063235370
2014-07-28,-0.0089519282231263,-0.0032856980644952100
2014-07-29,0.004511134113163540,-0.0011742277757999200
2014-07-30,0.008790942606257700,0.00016439086283371400
2014-07-31,-0.0014077209495477800,-0.01620645722679360
2014-08-01,-0.0008597108004017390,-0.003613245188065120
2014-08-04,0.0006889860058863560,0.0005876221785659450
2014-08-05,-0.002205733099687280,-0.0039195878363943700
2014-08-06,0.005692063266995200,0.00384910993192493
2014-08-07,-0.0016453692082982700,-0.004516224483090400
2014-08-08,0.0013194725986463100,0.007735458680477930
2014-08-11,0.00021377692339886700,0.006613593653962720
2014-08-12,0.0051435080172434400,-0.004226658630555240
2014-08-13,0.0036634823894547100,0.006931657910925500
2014-08-14,-0.0024179365594439600,0.0002980400377518130
2014-08-15,-1.79660455997188E-05,-0.00026187333080667500
2014-08-18,-0.0049576343378147400,0.011767294203932000
2014-08-19,-0.0022663626601018100,0.0027420819101058800
2014-08-20,0.004074905107816430,-0.0020019474825369100
2014-08-21,0.001834269611793140,0.0020101921825866200
2014-08-22,-0.005166262165550780,-0.00023489439552943800
2014-08-25,-0.008966484296042880,0.0052418813385942200
2014-08-26,0.0012203827828643900,0.004719195683526580
2014-08-27,0.000842947700061528,5.30628936004823E-05
2014-08-28,0.0017088433846949900,-0.0030426857053632100
2014-08-29,4.16157411889427E-05,0.0060664517459874900
2014-09-02,-0.005222752180781990,0.004213513442744720
2014-09-03,0.006050495360124310,-0.002217419029543480
2014-09-04,-0.002193134040343710,-0.0016544619517980100
2014-09-05,0.0003790485857775710,0.0027184944389710200
2014-09-08,-0.0025106675378190500,-0.0015818411917747400
2014-09-09,0.0029972634628351600,-0.007669799305563130
2014-09-10,-0.006098304737406980,0.0024293199163701400
2014-09-11,0.000753773121725085,0.0009625809317649970
2014-09-12,-0.00144795226814445,-0.006618516302742800
2014-09-15,0.007319703707367280,-0.007406652890983720
2014-09-16,-0.0006233255944013390,0.003606563828616610
2014-09-17,0.0020879642830310900,0.0004680821330644600
2014-09-18,0.00028267577705596300,0.0027274743998529800
2014-09-19,-0.003286979830210560,-0.004640941768575020
2014-09-22,-0.007845707973418740,-0.011880192068018800
2014-09-23,-0.0005115762524437300,-0.007547696203287080
2014-09-24,0.005868846758005790,0.007243954223810370
2014-09-25,-0.004803681175162070,-0.01214083243248210
2014-09-26,0.0010268199284051100,0.006475392845150180
2014-09-29,0.0004963041341547970,-0.0011071296993720000
2014-09-30,-0.0033698177198608600,-0.006097045461376230
2014-10-01,-0.003134670973839940,-0.012948902414193200
2014-10-02,0.0023509808331083600,0.004265875651002370
2014-10-03,-0.002848754727740390,0.006642860282598530
2014-10-06,-0.002876430873921860,-0.005622242957997790
2014-10-07,-0.0012776852873146500,-0.01466284663687040
2014-10-08,-0.006380638979717940,0.01032486536143130
2014-10-09,-0.015838732133130100,-0.018759904183276100
2014-10-10,-0.012611840914160600,-0.011751877121106200
2014-10-13,-0.018528184911201800,-0.0020087733919869000
2014-10-14,0.0007022235588284310,0.004501001043274470
2014-10-15,0.02161560579141780,-0.0009768041861381180
2014-10-16,0.0982461777779273,0.08373401048857980
2014-10-17,0.021664937714557700,-0.00027591816628143800
2014-10-20,0.0050372944301364600,0.004896951989853840
2014-10-21,0.021417929997635400,0.010815147618067900
2014-10-22,0.0010178626446067400,-0.009479094468763850
2014-10-23,-0.004327490744190510,0.009967348007278370
2014-10-24,-0.0027091679821163200,0.004100342255049820
2014-10-27,-0.006417813274821410,-0.0031924535525267500
2014-10-28,-0.009267894883368300,0.021133042702987900
2014-10-29,0.005523323059565880,-0.003314336921744330
2014-10-30,-0.009940459704915470,0.012765700008037500
2014-10-31,0.004943082658218020,0.005887658734363940
2014-11-03,-0.005807726612535450,-0.0019695073333629300
2014-11-04,-0.007911254554257470,-0.0021844261974631800
2014-11-05,0.0051019778014253000,0.0004734688562358910
2014-11-06,-0.001446846148312990,0.001659414497611740
2014-11-07,0.016686127228039500,0.0006036195253431990
2014-11-10,-0.006627333740907570,0.004024973383370930
2014-11-11,0.0044628714090015100,-0.001106891404075570
2014-11-12,-0.00032352593151346900,0.0029718331661815700
2014-11-13,-0.004447400593649310,-0.0060874713420364900
2014-11-14,0.008597469082639220,-0.002352161103152590
2014-11-17,-0.0046568782353365000,-0.006084840810077430
2014-11-18,0.006137027746104440,0.002474898625097870
2014-11-19,-0.003073948104575010,-0.005861019517688790
2014-11-20,0.001404838197083980,0.005298479044379320
2014-11-21,-0.0009987721343116690,0.0034948667054802000
2014-11-24,0.0021825476704901700,0.0048735101316842100
2014-11-25,-0.0004441176969326360,0.002514064276428910
2014-11-26,-4.85439716228792E-05,0.0037687650768210100
2014-11-28,0.0010516263602920800,-0.01690757850086770
2014-12-01,-0.006521135662595240,-0.011823793443086000
2014-12-02,-0.005082590287847690,0.00860013744705905
2014-12-03,0.0024140707011325800,0.007579151304656470
2014-12-04,-0.006519726438537750,-0.0015100398067872800
2014-12-05,-0.007698470751065550,0.004889203067969570
2014-12-08,-0.021522113052375200,-0.0073822058863898500
2014-12-09,0.010578675031887500,0.004409637286843770
2014-12-10,-0.016031929743553600,-0.015021027811933500
2014-12-11,-0.0029053972047924500,0.0011015687272078700
2014-12-12,-0.010493471357254800,-0.0061980488293569700
2014-12-15,-0.01610829270664690,-0.00580985665692482
2014-12-16,0.007826554547069480,-0.0042537846644147400
2014-12-17,0.0180291286246456,0.0178456339093186
2014-12-18,0.0022004171617791100,0.014153375720030000
2014-12-19,0.012335796827060800,-0.0018399931010982100
2014-12-22,-0.0039162171363488600,0.006939786821915370
2014-12-23,0.002465630917868920,0.00015786050986605500
2014-12-24,0.005568027572412730,0.003994110612431750
2014-12-26,0.002959044730456000,0.0057276786932273200
2014-12-29,0.0015273941331909300,0.0017628831847811700
2014-12-30,0.006072476385695130,-0.002073531506539760
2014-12-31,0.008769902740227030,-0.004627705715107050
2015-01-02,0.012827863415690500,6.05142192963199E-05
2015-01-05,0.013711552537619400,-0.015621225807117900
2015-01-06,0.002306611837543380,-0.011983665109465100
2015-01-07,0.0034733250812001300,0.009417582032415000
2015-01-08,0.003680680545733440,0.012869600918600000
2015-01-09,-0.009436063158051220,-0.0018813114953076400
2015-01-12,-0.019423143269161000,-0.0022816899310019200
2015-01-13,0.006974892739616770,-0.003398635675329660
2015-01-14,-0.0012039023721243300,-0.00305835482228722
2015-01-15,-0.006852334803841080,-0.009003778319076310
2015-01-16,0.002841896499914330,0.012121413351400400
2015-01-20,-0.012211429694168500,-0.0008329190667121850
2015-01-21,0.0091594271257458,-0.0015644624843056700
2015-01-22,0.006734655371295390,0.011475534875053900
2015-01-23,0.0012282288956019800,-0.0009072238599767260
2015-01-26,0.004747549762031020,0.007823671976839590
2015-01-27,0.0010988694934137200,-0.002441156000601900
2015-01-28,0.0005562194168557360,-0.014038692175795500
2015-01-29,-0.001772237841391840,0.007040394714559220
2015-01-30,-0.009664666163837040,-0.005807030674854120
2015-02-02,-0.0008189591156249390,0.0088252724228767
2015-02-03,0.0043732147688078600,0.012170462789431500
2015-02-04,0.003917955344822540,-0.0019520208085682000
2015-02-05,-0.0006988264526485610,0.011525850408409700
2015-02-06,-0.005235333375639100,-0.004095121384003940
2015-02-09,-0.003056944302929570,-0.0031890062196037100
2015-02-10,0.002668416938392400,0.005039693850277420
2015-02-11,-0.0032093006950822500,0.0007530668532108890
2015-02-12,-0.0006692816229298770,0.01081547466207370
2015-02-13,-0.0012647111480689200,0.007287516619240760
2015-02-17,-0.004024054530545730,0.0030017915213546600
2015-02-18,0.010278774370813800,-0.0011174388738470800
2015-02-19,-0.003966624856553990,0.0002139969430474710
2015-02-20,-0.0020656442414421200,0.000996247207068902
2015-02-23,0.005725015111810250,-0.002504526812420730
2015-02-24,0.005636098875728370,0.0027929924055522000
2015-02-25,0.002055167007461950,0.004100709390172260
2015-02-26,-0.0047834774090612600,0.004708557271243950
2015-02-27,0.0003989114633249580,-0.00044708135484580600
2015-03-02,-0.008157767749407020,0.003200006181190820
2015-03-03,-0.0019421252396009000,-0.0009494828078387500
2015-03-04,-0.008588804344439660,0.002416211178215320
2015-03-05,-0.0009550484118562590,0.004323159262439930
2015-03-06,-0.004956742501772180,-0.011460322256425500
2015-03-09,-0.005447051037350120,0.0013032210820465400
2015-03-10,-0.001391591055610690,-0.012155355276125400
2015-03-11,0.0029938682993379100,0.0006047570224750870
2015-03-12,-0.0029347226325733000,0.011667114727140900
2015-03-13,-0.005422820763899870,-0.005061512547207120
2015-03-16,-0.0033947008517206300,0.0041173499661258800
2015-03-17,-0.0028215751007008800,0.001273630329695850
2015-03-18,0.014428505688474100,0.0062687743452861100
2015-03-19,-0.017888450917289700,0.0008289589314832330
2015-03-20,0.0038339933843359000,0.0044040197807629800
2015-03-23,0.015172028604802600,0.0015187517429181800
2015-03-24,0.008758308475910270,-0.0008850201155692240
2015-03-25,0.012464184052280700,-0.01686193443293190
2015-03-26,0.003445537834295070,-0.0019786963312758300
2015-03-27,0.0010162284232885500,0.005186846395174800
2015-03-30,0.0046346927525644700,0.008232108649664640
2015-03-31,0.002325101494630170,-0.0032812115175111700
2015-04-01,-0.0029557565907136000,0.0030050338356002500
2015-04-02,0.0008806626841772870,0.004874030826472390
2015-04-06,-0.003297720055626590,0.006361652371502620
2015-04-07,0.001992028583441490,-0.0025929143709967000
2015-04-08,0.006402071678674070,0.003733781992412010
2015-04-09,-0.005503196589638310,-0.0013455390466196500
2015-04-10,0.0051301212590469500,0.005076203201444740
2015-04-13,-0.0038562188533572700,-0.001441197231252830
2015-04-14,0.0007889803050976540,0.003273780804349860
2015-04-15,-0.0037465750366107900,0.007682682677610470
2015-04-16,-0.0026706582702504100,0.0016670862304736500
2015-04-17,-0.0001937609476412790,-0.010692103798205600
2015-04-20,0.0014677851357706000,0.004798668077081450
2015-04-21,0.004552450935519700,-0.001793911236759050
2015-04-22,0.0014575044128626500,0.004774361398609070
2015-04-23,-0.001625994795625020,0.005186267551971180
2015-04-24,0.0021573517564836300,-0.003065346064672200
2015-04-27,0.0006435312225783340,-0.008091865285141740
2015-04-28,0.002743592021378890,0.0021916785150024400
2015-04-29,-0.002332507798289540,-0.004240478791968050
2015-04-30,-0.009083160321012670,-0.009500538111766780
2015-05-01,0.005196881377843110,0.0032634165138780000
2015-05-04,0.0031712121605750200,0.0018755936636969000
2015-05-05,-0.005406969894513100,-0.008510308544491920
2015-05-06,0.0067774000860583700,-0.00396792047442257
2015-05-07,0.013490616517105900,0.0002948685556407770
2015-05-08,-0.0026534109265971400,0.010462048637654500
2015-05-11,-0.0015098260887645300,-0.0007154990857349620
2015-05-12,-0.0005823158960999510,-0.0025345308132344100
2015-05-13,0.0003949283778008190,0.001439049642483750
2015-05-14,0.004243069244263110,0.006485164210020710
2015-05-15,0.0018446427615120400,0.002392640598836120
2015-05-18,-0.007829243610943320,0.00292159304874832
2015-05-19,-5.02459055725588E-05,-0.0032028581546496500
2015-05-20,-0.0043401918259833900,-0.0015009010588623800
2015-05-21,0.006865928091824450,-0.00016239608454743200
2015-05-22,-0.007780338452813970,-0.0038920822617498100
2015-05-26,-0.004471469176928930,-0.009912527789424750
2015-05-27,0.0009350704815307490,0.01052471631470690
2015-05-28,0.003087414045090040,0.001251571959821890
2015-05-29,-0.0017153963217033000,-0.005320328387590480
2015-06-01,-0.006465166346574510,0.0008982739381267390
2015-06-02,0.007561035262097360,0.0016032625568366000
2015-06-03,-0.0059058249601278200,0.007484482158331670
2015-06-04,-0.002927876177068110,-0.008629693851165240
2015-06-05,-0.008371584461595360,0.003024608785424840
2015-06-08,0.0009587272496654110,-0.002507053304774970
2015-06-09,0.0021696836682874300,-0.003834392622310590
2015-06-10,0.0028595787762313800,0.010137206861374300
2015-06-11,-0.0018329767023758000,0.0020961543205530200
2015-06-12,0.0004930148192941470,0.00016340167184993300
2015-06-15,-0.002815044198651070,-0.002586566010950090
2015-06-16,-0.002116067688170830,-3.50047127809967E-05
2015-06-17,0.0032060790392060700,-0.0017825054649327200
2015-06-18,-0.00032536399345277000,0.007018101457953010
2015-06-19,0.006584007717959070,-0.003913609234820920
2015-06-22,-0.0021422810120428000,0.005757918219019660
2015-06-23,0.0030539989267600800,0.0019697060403537500
2015-06-24,0.003789712932854290,-0.007285985054611150
2015-06-25,-0.0075975892915687500,-4.78372562257867E-05
2015-06-26,0.003362275353405110,-0.0027042172871815500
2015-06-29,0.000902537403128463,-0.023735761634467200
2015-06-30,0.0025243842309771200,0.007394596874308030
2015-07-01,-0.007846882563218340,0.0027241895927337300
2015-07-02,-0.0020046582839906,-0.005172346590596890
2015-07-06,-0.014638322583380400,-0.004958021892580100
2015-07-07,-0.004610845102665590,-0.0025190735887469800
2015-07-08,-0.013853486214533400,-0.015528131557606000
2015-07-09,0.014090382884518200,0.003623578621449980
2015-07-10,0.0033620882017883300,0.014381380414426300
2015-07-13,0.004215344142836770,0.008575310276645260
2015-07-14,0.005465131083449110,0.0030583525266274600
2015-07-15,-0.009467996478341860,-0.004187950600892400
2015-07-16,-0.00792537292718557,0.007272301786172700
2015-07-17,-0.00917017583895323,-0.0013518308764085900
2015-07-20,-0.01324290791302060,-0.006227552036318110
2015-07-21,6.89756617954784E-05,-0.004191838249651800
2015-07-22,-0.011106599691410500,0.001176576552902600
2015-07-23,-0.0009967990600946230,-0.007480552849762440
2015-07-24,0.002823444589843660,-0.011761561708707600
2015-07-27,-0.004580712323396680,-0.010165727885076600
2015-07-28,0.010567033761026600,0.0063454818210594100
2015-07-29,0.011991736764633700,0.003721428184419490
2015-07-30,-0.0022629505255006300,0.002934351937540740
2015-07-31,-0.003018467875730510,0.0035677123049505500
2015-08-03,-0.009612472269890250,-0.005728345509960050
2015-08-04,-0.0029197408365840100,-0.0002841130242365740
2015-08-05,-0.0037093677628454200,0.0013627377435396000
2015-08-06,0.010591736522412300,-0.01201122534881140
2015-08-07,-0.00037427924977827200,0.013425255678659000
2015-08-10,0.007061600974260400,0.0107735753254248
2015-08-11,-0.011918114028964700,-0.0031265295005528500
2015-08-12,0.0030255267078849300,0.0024370018077077200
2015-08-13,-0.0034472367830541100,-0.004732043712487900
2015-08-14,-0.005043346044475370,0.0017747140964199800
2015-08-17,0.0009457405771867550,0.0033876843981401400
2015-08-18,-0.005918606635031980,-0.003775688354313660
2015-08-19,-0.015195113737990600,0.0024005654390368100
2015-08-20,-0.014021449753747700,-0.018880390385838900
2015-08-21,0.0034304570172444700,-0.015338380924904200
2015-08-24,0.0015105490226159600,-0.03693702256500120
2015-08-25,0.010167999870138200,-0.0010844410037497800
2015-08-26,0.01937070687628000,0.019908667391112300
2015-08-27,0.03111986381793920,0.02234712146951070
2015-08-28,0.017295561784119100,0.01283597554753590
2015-08-31,0.0036303395404617300,-0.0014873930147613600
2015-09-01,-0.005834105686552170,-0.022656375083287500
2015-09-02,0.007288649903810370,0.011359360085322600
2015-09-03,0.0013828780787285600,-0.0016801115355354600
2015-09-04,-0.008472228294809900,-0.005795145483156590
2015-09-08,0.0012234480601510400,0.01597237131134090
2015-09-09,0.007693014979517210,-0.007735099149910880
2015-09-10,-0.005218002253755430,0.004262316861608600
2015-09-11,0.005596580775166990,0.0015457629863049800
2015-09-14,0.0035995600748319000,-0.0027168015172621100
2015-09-15,0.0021187365500281600,0.008325960080011360
2015-09-16,0.0159452888278449,0.009891815826797460
2015-09-17,-0.004330864303291130,0.003724260098184360
2015-09-18,0.023427165886626000,-0.012599976989987700
2015-09-21,-0.0019229029678795500,-0.0002708260577642110
2015-09-22,0.0030556908894035100,-0.013679155493076900
2015-09-23,-0.010264263616162100,-0.005040592410446560
2015-09-24,-0.0027787811479072200,0.0006934313307193100
2015-09-25,-0.0015096362737218000,-0.010760916027023500
2015-09-28,-0.017165252890895100,-0.026166130444325800
2015-09-29,-0.013691650855098900,-0.0072790724873269800
2015-09-30,0.020916383817248300,0.015348750912789300
2015-10-01,0.009218632865189640,-0.003987365840138130
2015-10-02,0.025402419908945000,0.013143945979971700
2015-10-05,0.0263812204189235,0.01927773444694890
2015-10-06,-0.0034798941721256300,0.0005338456435682630
2015-10-07,0.0064180578694699500,0.012415636215735000
2015-10-08,-0.01365405185252130,0.012446690048903200
2015-10-09,0.009467566356410750,0.0019607370785220900
2015-10-12,0.01023094440379600,-0.0018063317385973600
2015-10-13,0.001488354945183050,-0.009775179306830420
2015-10-14,-0.0035588522727205800,-0.002834227789996340
2015-10-15,-0.0016525751541941600,0.0159045718757823
2015-10-16,0.0063593487509062600,-0.0037778999933972000
2015-10-19,0.009801131579673350,-0.0030414761487968900
2015-10-20,-0.012867041931637700,0.011739489681699300
2015-10-21,-0.000410877299362851,-0.01307903501516800
2015-10-22,0.0018050253760957400,0.006745201809994630
2015-10-23,4.22425023588477E-05,0.005278168447610080
2015-10-26,-0.002997406373316560,-0.004345979391179880
2015-10-27,-0.011335912944229300,-0.012363642354276900
2015-10-28,0.011749727699762200,0.019954596600550300
2015-10-29,0.0008979982890238140,-0.007118613472299160
2015-10-30,-0.0006294908886394140,-0.0022734298003311700
2015-11-02,0.012057563098272100,0.01666050393732670
2015-11-03,0.01946933971627450,0.0006287133157957540
2015-11-04,-0.004577670200498780,-0.0009063068176503240
2015-11-05,0.0005432534679480920,-0.0058957867406183700
2015-11-06,-0.011656573134506000,0.003995734243688220
2015-11-09,-0.0014008742715720600,-0.010064551659387700
2015-11-10,-0.0013582186917913300,-0.0005304764120306590
2015-11-11,0.005283969377723400,-0.004188593921590560
2015-11-12,0.0027868306142639300,-0.016438637789273000
2015-11-13,0.004208395303686000,-0.007261028017883300
2015-11-16,-0.001445835958778680,0.0027698689934495400
2015-11-17,-0.006806755707288530,-0.00581456761225672
2015-11-18,0.002572819795176110,0.011198617091706400
2015-11-19,-0.0027954095830405800,-0.002848762234050440
2015-11-20,-0.0005829106562565230,0.0009133306135522550
2015-11-23,0.012756507740650800,0.0022135018957519300
2015-11-24,0.041067262801722600,0.007597603371048300
2015-11-25,-0.0004180639254807490,0.004739927653848060
2015-11-27,0.0013867327403234200,0.003809785930027880
2015-11-30,-0.004004770617318030,-0.0022074195249223900
2015-12-01,0.030832015727460700,0.0035987502809064300
2015-12-02,-0.0018175960516524500,-0.006902935476993860
2015-12-03,0.0071136862919801000,-0.013702833601588900
2015-12-04,-0.012095208078075000,0.00860678168788582
2015-12-07,-0.013882326853808300,-0.016038465101906700
2015-12-08,-0.004197281737563710,-0.004479135158320660
2015-12-09,0.009648181134282650,-0.009731119718161140
2015-12-10,0.0027307261550908400,0.00039648520699411200
2015-12-11,-0.01753691893304950,-0.018083892062743200
2015-12-14,-0.01388618937447450,-0.008424942194560540
2015-12-15,0.009155801439155170,0.01038940255867750
2015-12-16,0.01216728340211900,0.01636328213802880
2015-12-17,-0.003420222667396520,-0.007812953902764700
2015-12-18,0.002548551356539010,-0.00616353080672151
2015-12-21,0.0006701229507899800,0.0076483038398944300
2015-12-22,0.015359403520558100,0.0064358662206511200
2015-12-23,0.017169012149020800,0.009707751751691760
2015-12-24,0.002324514725622790,0.001933394992067000
2015-12-28,0.0016254136363869700,-0.009060538567880350
2015-12-29,0.004075015742267540,0.008141710205164630
2015-12-30,0.0028796655918082100,-0.010101795990582100
2015-12-31,0.013160338178786300,-0.0030773646768130100
2016-01-04,-0.0003074393950170220,-0.014484957470676800
2016-01-05,0.009159737350933550,0.0017700089338240300
2016-01-06,0.010345536653996900,-0.01550255543142210
2016-01-07,-8.05132507645384E-05,-0.029061436348899200
2016-01-08,-0.006896679612781930,-0.012941377317918500
2016-01-11,-0.00762708910053465,-0.01845067163028870
2016-01-12,0.0009758667481023660,-0.008696938225599010
2016-01-13,-0.03095119616105090,-0.028272725229950700
2016-01-14,0.02534006611024170,0.01014476099610500
2016-01-15,-0.02094087142140850,-0.020110215105238000
2016-01-19,-0.027786565098256800,-0.016735079321759400
2016-01-20,0.014661160902370000,-0.00264280557361033
2016-01-21,0.02635857765891020,0.009416137571233820
2016-01-22,0.026711593993812100,0.022633529443667300
2016-01-25,-0.009831043250409010,-0.014275635821489200
2016-01-26,0.006632368931961880,0.019608693252750700
2016-01-27,0.004883555331463050,-0.008389187491088570
2016-01-28,0.003473012358014510,0.0027878692020150400
2016-01-29,-0.0013815068553586500,0.024831350103651
2016-02-01,0.009405266017513380,-0.001073747445748410
2016-02-02,0.0035683965320518500,-0.01951912393847570
2016-02-03,-0.00903851541707033,0.01212666125805500
2016-02-04,0.0022593651540228400,0.008590266896946070
2016-02-05,-0.01700220724641330,-0.015245844129220400
2016-02-08,-0.01343545441600850,-0.021327666420855400
2016-02-09,0.010559734554740900,-0.015055576553225600
2016-02-10,0.010326126221242400,-0.0018569366429309300
2016-02-11,-0.001993696944881290,-0.014178024941522800
2016-02-12,0.0056179291797671800,0.01941384288481350
2016-02-16,0.018952942275701300,0.022531937288009300
2016-02-17,0.017085987610128000,0.01908309694669020
2016-02-18,-0.00550413908382349,-0.0048303093112712100
2016-02-19,0.0034546804915155800,0.00024398921225032900
2016-02-22,0.006399252307187490,0.015410674536914800
2016-02-23,-0.010839171541836500,-0.013449162302007300
2016-02-24,0.005191183989900970,0.006252267045627750
2016-02-25,-0.005957385626128180,0.006605276720384700
2016-02-26,0.005785745825915950,0.005179780802839440
2016-02-29,0.004232063280379510,-0.0008510202569811000
2016-03-01,-0.00526662706255597,0.017114581458603300
2016-03-02,0.0002642211157030080,0.010729452623815600
2016-03-03,-0.003241486191217590,0.0074578229973686600
2016-03-04,0.0063331517898421800,0.007613320153533250
2016-03-07,-0.003445489961257500,0.014165660039110200
2016-03-08,0.034129567489150500,-0.022801927449832000
2016-03-09,0.0019525856309439500,0.007020415862772220
2016-03-10,0.0064936163787437600,-0.008263211404760490
2016-03-11,-0.0066755157333216700,0.018030840419616500
2016-03-14,0.007217837855683770,-0.0017433440007475700
2016-03-15,0.005306906285057340,-0.01158379380727200
2016-03-16,-0.011737558953818700,0.013055189555795300
2016-03-17,-0.00877361113798563,0.016801890791223600
2016-03-18,0.010451522003024800,0.0056203437048721
2016-03-21,0.002404296884094090,0.0010150218523983800
2016-03-22,0.0011738091456514000,-0.0018727401862397200
2016-03-23,-0.008288187498449910,-0.02287193000665710
2016-03-24,-0.0015577819868350700,0.0035121187510131200
2016-03-28,-0.0016072320616680800,-0.002411984567538780
2016-03-29,0.0007000621869540610,0.016144978178213400
2016-03-30,0.0052255977375808500,0.0022427149215094400
2016-03-31,0.00037465009853870000,0.0014732271347425800
2016-04-01,0.0005574117453371690,0.0032062303838935100
2016-04-04,-0.002449425599399880,-0.006787430105966060
2016-04-05,0.0017663301258759200,-0.011765025766531500
2016-04-06,-0.008742509032258400,0.009941185610653560
2016-04-07,-0.002656295028747940,-0.0081202826830981
2016-04-08,0.016869786786596800,0.006233936417955000
2016-04-11,0.005885810916393760,-0.0007929947854438470
2016-04-12,0.00530958323573706,0.006666489238796300
2016-04-13,0.00649171607514256,0.01236172483924060
2016-04-14,0.005454335486588250,-0.00214026851784742
2016-04-15,-0.002712937945752320,-0.0002596519478500050
2016-04-18,-0.0060936418881152300,0.00654062553543276
2016-04-19,-0.009744842731192820,0.007298535582235730
2016-04-20,-0.0018309375971530600,0.004562949332735010
2016-04-21,-0.004580044340170750,0.0017537052318377700
2016-04-22,-0.0003039916950903650,0.006250970415674580
2016-04-25,0.013475014388396800,-0.007617943243877980
2016-04-26,-0.009391311283125880,0.007820608594254940
2016-04-27,-0.0056632211212377600,0.0028656771474023300
2016-04-28,0.007354600806170040,-0.005454445258443330
2016-04-29,-0.0074533337473948000,-0.0034262434387628400
2016-05-02,0.008101784665344860,-0.0012988737031672300
2016-05-03,0.006863158087714380,-0.015256336618258200
2016-05-04,-0.006192159586807410,-0.004789407806486130
2016-05-05,-0.005207121175652230,-0.0020879831860647100
2016-05-06,-9.85358911395682E-05,0.0016411966947844700
2016-05-09,0.009158512308865860,-0.006076073272656510
2016-05-10,0.004688808269923750,0.00889388999572504
2016-05-11,-0.005708661706772320,-0.00326275260747146
2016-05-12,-0.020790350790003000,-0.005760771129466770
2016-05-13,0.0007538905760972150,-0.005276922972459570
2016-05-16,0.0057354077724107200,0.008008837302255610
2016-05-17,0.0060453492036653400,-0.007821102685605550
2016-05-18,0.002197734511526230,-0.0024621638129524000
2016-05-19,-0.0034574099665753500,-0.00535372928789917
2016-05-20,0.007501475033200640,0.010610521672459100
2016-05-23,-0.0027752634969968300,0.002237258552245640
2016-05-24,-0.002982145603851160,0.011276040075398800
2016-05-25,0.0004215370937513280,0.006711063380419300
2016-05-26,0.0003004958792541540,-0.0010977092118464200
2016-05-27,-0.0012983707565441600,0.006413103124074200
2016-05-31,-0.013608390192184600,0.0038796704798214900
2016-06-01,-0.0018275759633398200,0.006112774945569890
2016-06-02,-0.006818907377438300,0.0065737984898068300
2016-06-03,0.019975194395882300,-0.005710205615609520
2016-06-06,-0.002857645658385540,0.01211643648683400
2016-06-07,0.00873939473091291,0.0022995953542662400
2016-06-08,0.0010542306671034600,0.006269767738452390
2016-06-09,0.0037600876760357000,-0.00489782419161038
2016-06-10,0.011992565132220900,-0.01799749326149060
2016-06-13,-0.000432577244888337,-0.010481868871748700
2016-06-14,-0.004552087551705710,-0.0029702504935260900
2016-06-15,-0.0018705476668428400,0.002348253451672290
2016-06-16,-0.0029743392086913200,-0.001529800567087760
2016-06-17,-0.005344140189231390,0.0012883940792875700
2016-06-20,0.005904216288667740,0.008472221560672520
2016-06-21,-0.005270118321657030,-0.0030100245737754300
2016-06-22,0.0011174834261110100,-0.0031231877025295800
2016-06-23,0.00921277435769785,0.013319020183556400
2016-06-24,-0.021663642904563200,-0.02819863653653300
2016-06-27,-0.003003017288416040,-0.024793911199006300
2016-06-28,0.008003525560748220,0.020240136507426800
2016-06-29,0.008124652534774890,0.017175476028797300
2016-06-30,0.00030920023273525600,0.01047532049286770
2016-07-01,0.0026125207487459300,0.0075277090145937600
2016-07-05,-0.026303968714984100,-0.009555830742390640
2016-07-06,-0.003491327051859190,0.005597944436815780
2016-07-07,0.011133441930139500,0.0002704943971046640
2016-07-08,0.006548140719600170,0.017137609356751200
2016-07-11,0.005130291792293270,0.005201625636309790
2016-07-12,0.01824247045617450,0.009621733924219820
2016-07-13,-0.00039826578017467400,-0.0030266355046691700
2016-07-14,-0.003357270943594570,0.0009510036559298990
2016-07-15,-0.0005399559836403450,0.005806562250982870
2016-07-18,0.0006939440889085450,0.0026725793892161800
2016-07-19,0.005219835905687330,-0.004231583307021350
2016-07-20,-0.0010074204934684500,0.004392973465472140
2016-07-21,0.005754431784488050,-0.0016975376528651400
2016-07-22,-0.0018966365114297900,0.008689738165319770
2016-07-25,-0.0022794061982634000,-0.0030328869808791800
2016-07-26,0.005464674677944980,0.006155821586416500
2016-07-27,0.0018401327702310900,0.0016296920519401800
2016-07-28,0.0024001074495755100,-0.0005547326843062700
2016-07-29,0.005194895432153650,0.0028498581806942800
2016-08-01,-0.01430627357931510,-0.002811413584550200
2016-08-02,0.005246100304162490,-0.010940801438151700
2016-08-03,0.002866244758634630,0.009999675270055750
2016-08-04,-0.002503202925913970,0.0015325129997473900
2016-08-05,0.003596133489778650,0.004152101196625670
2016-08-08,0.004369738739105770,-0.001137150137607950
2016-08-09,0.002393451268800270,-0.00217836564102663
2016-08-10,0.0022869828629568600,-0.006890317807742420
2016-08-11,-0.0007086001801850750,0.004822783577391370
2016-08-12,-0.0014239998846770000,0.0023888413888271800
2016-08-15,-0.0017918928920003100,0.005976577892925000
2016-08-16,-0.0010680231523632600,-0.007262195342381140
2016-08-17,0.0008937376122844060,-0.0013596886157343600
2016-08-18,-0.005624006308536490,0.0068770549185132400
2016-08-19,-0.0002666519497056880,-0.0007567681360876760
2016-08-22,0.003840419066879120,-0.0006674275645494120
2016-08-23,0.002700599306041020,0.006241149392500660
2016-08-24,-0.002136435738024270,-0.008405694784472420
2016-08-25,0.0006821121798531580,-1.8200245135914E-07
2016-08-26,-0.0008890500232548300,0.0012193865116078100
2016-08-29,0.0034861890098201100,0.00410504738768309
2016-08-30,-0.00562198964537755,0.0005305067777293730
2016-08-31,-0.0057982072849840400,-0.004447462444700550
2016-09-01,0.0022574851267091200,-0.0005818081924696810
2016-09-02,0.00042387476656450600,0.009809123027820980
2016-09-06,0.0047142618920676600,0.0045755372347378800
2016-09-07,-0.0015340654871525000,0.00501345300748993
2016-09-08,0.008617315755361240,0.0038212951458329400
2016-09-09,-0.0002773986252535830,-0.024698664185013500
2016-09-12,-0.001726832621567450,0.008470318420039560
2016-09-13,-0.002606354225342860,-0.017934273175793900
2016-09-14,-0.0044341581778412500,-0.001588699326935300
2016-09-15,-0.0030630885329220500,0.008310762009274360
2016-09-16,0.002904611546898690,0.0026390463263301700
2016-09-19,-0.0015365605970164600,0.004277593050616290
2016-09-20,-0.004569742401734220,-0.0004667262351940930
2016-09-21,0.005957764485948990,0.012184701827775900
2016-09-22,0.00494718824052152,0.0063606629421108100
2016-09-23,-0.0041120186652289200,-0.003931585390651980
2016-09-26,0.0031933998752796000,-0.007193863216256510
2016-09-27,-0.00355070995460122,0.002122238739011970
2016-09-28,0.01206158579448900,0.006329498373040560
2016-09-29,0.008397319902446670,-0.00939706628612115
2016-09-30,-0.0008302400307770560,0.009219531809943680
2016-10-03,-0.004191525545196060,-0.0036186711512403900
2016-10-04,0.002287328485964190,-0.0071259167614669200
2016-10-05,-0.006946008846052300,0.007664435142315260
2016-10-06,-0.0034710159041009100,-0.003593528345161160
2016-10-07,0.005177006195006530,-0.005073101974223650
2016-10-10,-0.004817683365280450,0.00992663820809914
2016-10-11,-0.0038883894820573800,-0.01457588979868010
2016-10-12,0.0029361675920755700,-0.0037827672179038600
2016-10-13,0.007997056692807840,-0.008688165421842400
2016-10-14,-0.006981444874745790,-0.0011733795259415700
2016-10-17,-0.0010557407589550700,-0.003447320887007310
2016-10-18,0.0034511229327668000,0.006816856801312210
2016-10-19,0.0016193635308738800,0.004925398790944950
2016-10-20,-0.00023514225029223300,-0.0006383411348315940
2016-10-21,-0.000476874670850205,-0.000884158666274671
2016-10-24,-0.002834676022762660,0.0027442888109056800
2016-10-25,-0.008514568140260510,-0.005852106496744830
2016-10-26,-0.0025848463471804200,-0.006861142265825160
2016-10-27,0.0005758746609131230,-0.005797881343548100
2016-10-28,-0.008939539077178450,-0.007857417401965230
2016-10-31,-0.007077281184238900,0.0004762281853338940
2016-11-01,0.0014312980056465700,-0.00788789553950944
2016-11-02,-0.00424353372178296,-0.008850292519769270
2016-11-03,-0.010878154660179000,-0.006864615013829340
2016-11-04,0.007627395169204680,-0.0001452926897043940
2016-11-07,0.008214863178940780,0.018080708987405700
2016-11-08,0.0009777767655400720,0.0021572458570802700
2016-11-09,0.013575551562267100,0.01833130867937920
2016-11-10,0.010225232038240300,0.006672291826895300
2016-11-11,-0.007676270009338890,0.01392955359883650
2016-11-14,-0.0139550060759744,0.008958636795144170
2016-11-15,0.023730867248796000,0.002340523853294450
2016-11-16,0.007126772914896490,0.0004288111460219800
2016-11-17,0.0009080304451768440,0.0029633794217450500
2016-11-18,-0.003655963525930120,0.0036735674860040100
2016-11-21,0.010068726563949300,0.005726545716723890
2016-11-22,0.00427759293135999,0.0024938949485109000
2016-11-23,-0.01235191032258030,0.006259493067835030
2016-11-25,0.004447173166007360,0.0040298748638587900
2016-11-28,0.015053578065023600,-0.01334331044103890
2016-11-29,0.006178265094867300,-0.004442800164096900
2016-11-30,-0.010961966065846000,-0.0028549312917644100
2016-12-01,-0.0007744455939460560,-0.004724157565416010
2016-12-02,0.008216700917127040,-0.00044611147702178500
2016-12-05,-0.0018626918515771400,0.015113686801512700
2016-12-06,0.0031991411558378600,0.008314446140386770
2016-12-07,-0.002881388354434770,0.006758664230361030
2016-12-08,-0.01118738113701820,0.007838886746477060
2016-12-09,0.004037678784856980,0.003408166734839880
2016-12-12,-0.005712968521627510,-0.006287749272974140
2016-12-13,0.0020450924152772600,0.0002542076506324200
2016-12-14,-0.0009446755049154500,-0.012568931137523800
2016-12-15,0.0011961287060400800,0.004520688423012520
2016-12-16,-0.0009242811025477790,-0.0003713122360506160
2016-12-19,0.00045542578944845200,0.00406400395857639
2016-12-20,-0.005942840540360280,0.007648723635754730
2016-12-21,0.004278334648109690,-0.0019622671380931700
2016-12-22,-0.0005929923999030000,-0.005194475735483350
2016-12-23,0.0004750467328703750,0.005957300823826890
2016-12-27,0.002696787196609930,0.003827078117472410
2016-12-28,-0.0003957806217918250,-0.008919255621345170
2016-12-29,0.008135760531372090,0.0007772981550743130
2016-12-30,-0.002822183207698010,-0.0008292436099977060
2017-01-03,0.007380922978612690,0.009357879457445290
2017-01-04,0.012510306656760800,0.01470095647673110
2017-01-05,-0.003954553311294590,-0.0018715641000989500
2017-01-06,-0.00036382048698299000,5.08131555518031E-05
2017-01-09,0.0027748062413896100,-0.006277292272208100
2017-01-10,0.007668515267093210,0.006617990719573090
2017-01-11,0.002831646537217530,0.002651957449088670
2017-01-12,-0.0025388479321366,-0.004259021707358130
2017-01-13,-6.48053768927161E-05,0.0064778337608280600
2017-01-17,-0.016939803190127600,-0.004568824801247970
2017-01-18,0.001582445501687160,-0.0004872571189430560
2017-01-19,-0.011210513602617500,-0.005110531081987360
2017-01-20,-0.0032624531236761100,0.004290382308399710
2017-01-23,-0.006101131033663150,-0.0012257972979764600
2017-01-24,-0.0019498484628990400,0.007471137201393280
2017-01-25,0.006948080813174170,0.006179614833017430
2017-01-26,-0.0006599606748808550,-0.0012267696787490100
2017-01-27,0.0006366678957427280,0.0002759032372503980
2017-01-30,-0.004145596067194740,-0.010597575808067300
2017-01-31,0.012506799176414600,0.004071352165811540
2017-02-01,-0.0062636065485973100,0.0026697497459578000
2017-02-02,0.010194569554985100,-0.00015007080112812500
2017-02-03,-0.0023896293341257400,0.008739563074452430
2017-02-06,-0.001714049587719550,-0.0017313277464396400
2017-02-07,0.0013006306987052100,-0.0016558967183350800
2017-02-08,0.002044175215357540,-0.0008010286093751300
2017-02-09,0.0077707215916180300,0.007958415148529980
2017-02-10,0.0041840328516845000,0.006008718598215840
2017-02-13,0.0003768002668864450,0.001754991495006320
2017-02-14,-0.002241853419527220,0.0043039029283343900
2017-02-15,0.0004170311966904690,0.004889922598315610
2017-02-16,0.0046444197099970000,-0.0018631187966160900
2017-02-17,-0.004737681481422260,0.0005814046648725860
2017-02-21,-0.004354752983526310,0.0022650062996381900
2017-02-22,-0.0009790649137187050,-0.002566272460749330
2017-02-23,0.00357441274250214,-0.0014106991007394700
2017-02-24,-0.0018671739445631200,-0.0012306586520417700
2017-02-27,0.000314905584764295,0.006967696069333310
2017-02-28,-0.001107916136206710,-0.00888311084100847
2017-03-01,0.0017019483199043800,0.012970783030714500
2017-03-02,-0.010089346112607000,-0.010108030405578400
2017-03-03,-0.0031313863971675200,0.0008270685975663900
2017-03-06,-0.0015479103415200900,-0.005750258492661580
2017-03-07,-0.0018382156363270600,-0.007664247830875600
2017-03-08,-0.0031414190018051400,-0.004234216256718790
2017-03-09,-0.0004136653670257300,-0.0028579195072210200
2017-03-10,0.000847543304958182,0.004489717350992120
2017-03-13,-0.0014949318516545600,0.007618513001873830
2017-03-14,0.0006579837162440550,-0.0071769324752052400
2017-03-15,0.005472254200584640,0.012230866958952600
2017-03-16,0.0006554014881134800,0.0019068419461798000
2017-03-17,0.00014323887929030900,-0.0009785466597931630
2017-03-20,-0.003304072727941980,-0.0029451836162886700
2017-03-21,-0.002701012702296270,-0.020475272678595100
2017-03-22,-0.003188498123439180,-0.0013576215867668000
2017-03-23,0.001803533767991830,0.005120389380219130
2017-03-24,0.0007955928033636410,0.001966220469493850
2017-03-27,-0.00036773283677203000,0.0017236705248237800
2017-03-28,0.008995379286650680,0.0076776531353802400
2017-03-29,0.0065470523870227100,0.00483993505318976
2017-03-30,0.004194423352483360,0.0009742779112628870
2017-03-31,-0.0002608236514502340,0.0030363192815744400
2017-04-03,-0.0010589974549068500,-0.0059630760301845600
2017-04-04,-0.003060278683142710,-0.0006290712037119650
2017-04-05,-0.004725849477116030,-0.006342017910056810
2017-04-06,-0.001218203851888770,0.009009945662338660
2017-04-07,-0.0041276624543396300,-0.001518377682038390
2017-04-10,-0.006056713165209070,0.003238167038559540
2017-04-11,-0.006879418645055060,0.0017664400538879000
2017-04-12,0.0016354443519617800,-0.007077909481432230
2017-04-13,0.0062338430049394700,-0.007668688229087040
2017-04-17,0.008783667564903910,0.006104652019437370
2017-04-18,-0.003365036899991040,-0.003573989224058980
2017-04-19,-0.00031362604168306000,1.01263845670235E-05
2017-04-20,0.003578745222057950,0.005532720264441670
2017-04-21,-0.00013990445175718400,-0.0032051603465982800
2017-04-24,-0.008929925648480350,0.00930561106362811
2017-04-25,0.008136388806224280,0.006738924741555450
2017-04-26,-0.0050796942430294800,0.0044594104325910700
2017-04-27,-0.005333079799854110,-0.0011827584007049000
2017-04-28,0.00404890989776554,-0.0060326616242913900
2017-05-01,-0.01049779410865760,0.0029692194426803900
2017-05-02,-0.002306762448996900,-0.0025323321715485200
2017-05-03,0.0004418574013781740,-0.006451732638145930
2017-05-04,-0.011145971915831300,-0.0015767888294340400
2017-05-05,0.00708423012632022,0.005394069713546560
2017-05-08,0.0009149082297251250,-0.002252813077435390
2017-05-09,-0.0071962892121977400,0.0018704094566412600
2017-05-10,0.006757845496931600,0.0026030725479565900
2017-05-11,-0.0019339785424215100,-0.003687117386121840
2017-05-12,-0.0072364661787690000,-0.005026628379416490
2017-05-15,-0.0002931726371228990,0.006161432209803540
2017-05-16,-0.005180909683153430,-0.0017428568374110500
2017-05-17,0.0025418977135581100,-0.019643231806444500
2017-05-18,-0.003023511589708410,-0.0006197943240092270
2017-05-19,-0.0012229822774736200,0.009526870090320240
2017-05-22,-0.0036821152671701300,0.005009285087802290
2017-05-23,-0.0016276024274570500,0.0018376526812324300
2017-05-24,-0.0019072130455104,0.0005686458074245430
2017-05-25,0.0014955911556147000,-0.0007176888942365100
2017-05-26,0.00033993780246452300,0.0018797569950457700
2017-05-30,-0.012334842499671300,-0.005712956892888140
2017-05-31,-0.0019810320550230000,-0.0017190303220703400
2017-06-01,0.0102362553830791,0.01021701436883990
2017-06-02,-0.0017688659786655700,0.006703476225782770
2017-06-05,0.0018971595199919400,-0.00235152362026089
2017-06-06,0.007216181923469320,-0.0019316772264666500
2017-06-07,-0.010378203628073600,-0.00017287948156074800
2017-06-08,0.0054821483843727700,0.00794734027776732
2017-06-09,0.012475375212553200,-0.00013415767211286700
2017-06-12,0.006079746364315280,-0.00027017386565304400
2017-06-13,0.004378781313858470,0.0038600533605914200
2017-06-14,-0.00430588691462535,-0.002768583094330350
2017-06-15,-0.0056852199082011600,-0.0027386735649857100
2017-06-16,0.008977089980563620,-0.002306398073360100
2017-06-19,0.0013611515097889800,0.0062806052119815000
2017-06-20,0.0017912846670649200,-0.006520467129507260
2017-06-21,-0.004547023252713550,-0.003912208572484200
2017-06-22,0.0034191241352188700,0.0034909454864077900
2017-06-23,0.007439866449384510,0.004393343303767070
2017-06-26,0.004496834048903150,0.00110422121358771
2017-06-27,0.01655530101634810,-0.005643870372612550
2017-06-28,-0.0016186903381293000,0.011247260473587100
2017-06-29,0.0065891975985772500,-0.004264013724353650
2017-06-30,0.00010654889418438700,0.001176057330847010
2017-07-03,-0.007348753460523360,0.0070589869244996300
2017-07-05,-0.006434358103377260,-0.003638644464667840
2017-07-06,0.0019085426641378600,-0.008632577526527920
2017-07-07,0.00092693073514666,0.008702039320320940
2017-07-10,-0.0020434849888333600,-0.0012106308100456500
2017-07-11,0.0014472383604665100,-0.00023069681151921700
2017-07-12,1.25081841979135E-05,0.009601817217969170
2017-07-13,0.0027249550633903300,0.004020824820715070
2017-07-14,-0.004232459484890310,0.004310722784632390
2017-07-17,-0.0019676743938639600,0.0029682948958534700
2017-07-18,-0.00033995695727683800,-0.0023646549952956500
2017-07-19,-0.007444259706817440,0.008081946723036790
2017-07-20,-0.003139237918181190,-0.0011775699886358600
2017-07-21,0.004566370894166740,-0.002480406588888830
2017-07-24,-0.0008736210183498020,0.0007029662585067250
2017-07-25,-0.0005957286428430240,0.0026123027232944100
2017-07-26,-0.005525076342824650,-0.00028024319899953500
2017-07-27,-0.002593858034606680,-0.005840302001400220
2017-07-28,0.0018483261896033900,-0.0009240126175241370
2017-07-31,-0.0022210749360538200,-0.0026158859938845500
2017-08-01,-0.00023349165406928200,-0.0008205433618312960
2017-08-02,-0.002309757898555870,-0.006010521850345560
2017-08-03,8.97040084634785E-05,-0.004729769197515390
2017-08-04,0.004756589076509620,0.0009794487315371770
2017-08-07,-0.0056128505495224400,-0.0009891824542620910
2017-08-08,-0.004973239494261670,-0.0002858757534730860
2017-08-09,-0.0056381555018302700,-0.006120741765375100
2017-08-10,-0.0062424231924413900,-0.0209472727805672
2017-08-11,0.004580843351214880,0.0037500086099468600
2017-08-14,-0.000428147734551413,0.009516358820762880
2017-08-15,-0.0052413886644857800,-0.008361265055242100
2017-08-16,-0.0024679426881961700,0.0032057726310726400
2017-08-17,-0.0006069387339321650,-0.012045752529243800
2017-08-18,-0.002572641515450560,0.0014275534257883700
2017-08-21,-0.004280173611719800,0.0005051901178860510
2017-08-22,0.002447491323899250,0.008463192195994020
2017-08-23,0.0014162029046156800,-0.0016380170434727600
2017-08-24,0.0008473281155835170,0.0017439535973551300
2017-08-25,0.0047093064539336500,0.0017253646922250800
2017-08-28,-0.009612053566996710,0.0032303809107534700
2017-08-29,6.55296756632293E-05,0.0014052111505797300
2017-08-30,0.0021990459194982000,0.00581647850291519
2017-08-31,-0.0005277622328770080,0.0065789165726226000
2017-09-01,0.002745704230039770,0.005405593866154400
2017-09-05,-0.0051767649449393200,-0.007194712328118180
2017-09-06,0.001029052808361830,0.0036411776755989900
2017-09-07,-0.0071672749661075400,0.003523513027432110
2017-09-08,0.00896673546381503,-0.002310554360898570
2017-09-11,0.011892373898548800,0.008225805779826490
2017-09-12,0.005815568494924940,0.004597473851988320
2017-09-13,0.0006385792784018110,0.002470852187161660
2017-09-14,-0.006815384480681440,0.0017744485759589500
2017-09-15,0.005529807055279040,0.002276785203788710
2017-09-18,-0.002923791236075740,0.007545357919578660
2017-09-19,0.004934251799167790,-0.002112461611387380
2017-09-20,0.000813529195778576,0.0022771398226174500
2017-09-21,-0.003299697064049530,0.0013399787116917100
2017-09-22,0.0018909492531671900,0.003586310046830800
2017-09-25,-0.004931658426678120,0.0017967574915681800
2017-09-26,-0.002797144610508210,0.002304991198997400
2017-09-27,-0.0012906698858427400,0.012420484505243100
2017-09-28,0.0015138257654810200,0.0012893998497155500
2017-09-29,-0.001557396019095990,0.003380133028263910
2017-10-02,-0.0029288180154317400,0.00795185209895906
2017-10-03,0.010705117220242600,0.0016374579716579800
2017-10-04,0.0013825001192392900,-0.002689768870901810
2017-10-05,3.60259813487369E-05,0.0060713019271778300
2017-10-06,0.003796017393562990,-0.003162017968464550
2017-10-09,0.0026655006676060400,-0.0027720936844925300
2017-10-10,0.002520235058471610,0.005568118192559800
2017-10-11,-0.0005721103370857710,0.001052147288564970
2017-10-12,-0.004654351100025010,-0.001662304633062200
2017-10-13,0.003504288160571810,-0.002111060672092380
2017-10-16,0.0024592030988728800,-0.0016534965424863000
2017-10-17,-0.003698452979963530,-0.0036688936338005600
2017-10-18,-0.0016523590782471600,-0.00013766499832450100
2017-10-19,0.0005848613631584440,-0.001052784171071520
2017-10-20,-0.002530825881288930,0.0036055584679076900
2017-10-23,-0.004600606731730110,-0.005883550406636260
2017-10-24,-0.0043277906013380100,-0.0008925201938376770
2017-10-25,-0.002714212796858850,-0.007812703273824870
2017-10-26,-0.0010437206364536700,-0.0020344205790505
2017-10-27,0.007026822190666150,0.004412473960627760
2017-10-30,0.012926574357457200,-0.00804953955489489
2017-10-31,0.0019398263747529000,0.0053834616357692400
2017-11-01,0.012681130373803400,-0.003704086577212960
2017-11-02,-0.007453804184570910,0.0019191931207067700
2017-11-03,0.009520266963658020,0.00046364101145031400
2017-11-06,-0.004989650881755920,0.007261999158971680
2017-11-07,-0.002503113714049740,-0.00987539763665313
2017-11-08,0.003332743355860000,-0.00037351515745956700
2017-11-09,0.002687754244366630,-0.0001302598410545210
2017-11-10,0.003361762951391290,0.0030908203033315800
2017-11-13,-9.23777983459417E-05,-0.0014651559526853500
2017-11-14,0.0068999431743587900,-0.0025783003556126900
2017-11-15,0.006475284946262730,-0.004402063285425860
2017-11-16,0.009017025538735030,0.012504155899429900
2017-11-17,0.0019173105484698600,0.0035947158038565300
2017-11-20,-0.004988516188280490,0.007350184852723330
2017-11-21,-0.005674296827519130,0.005876659119056600
2017-11-22,0.0031980287239943300,0.0025301182980116600
2017-11-24,-0.0005567387100231770,0.0033244329267971900
2017-11-27,-0.008460577526098430,-0.0034301571981253500
2017-11-28,-0.003333860172080820,0.007445940347244110
2017-11-29,-0.0007070740973266950,0.0012665534608266100
2017-11-30,0.006370006273546910,0.0008495596920768970
2017-12-01,0.003576910334449900,-0.0020008044237283900
2017-12-04,-0.013437566884203300,0.0025498178120639400
2017-12-05,0.0017452475097087900,-0.005638281383383960
2017-12-06,0.004861327990358950,-0.004981389795684220
2017-12-07,-0.004886149334188740,0.0035728699100957100
2017-12-08,-0.0019766883351825600,0.0011238928101864400
2017-12-11,0.001439406151363080,0.00024352206597611600
2017-12-12,-0.0037411022986904500,-0.0033585310575189400
2017-12-13,0.0049511162946149400,0.0025415711176711900
2017-12-14,-0.003076746728462540,-0.004347546666120340
2017-12-15,0.006476874409622470,0.006820693964850020
2017-12-18,-0.0017624671369408400,0.007072609456061610
2017-12-19,-0.008020506800323280,-0.005481778483170170
2017-12-20,0.0018455641722172600,0.0022358665749584400
2017-12-21,0.008844205473408120,0.0030908129780519500
2017-12-22,-0.0008441489873419280,0.0005113817061699180
2017-12-26,-0.007739536926313500,0.0025763997563188500
2017-12-27,0.0010458069078140000,-0.0006237616744135700
2017-12-28,-0.001346224068663480,0.0022549379135740100
2017-12-29,0.0023564817824597900,-0.0054785397595645900
2018-01-02,0.0012539683537140500,0.0172215286449124
2018-01-03,-0.0008902057822885550,0.00817507141552775
2018-01-04,-0.0009140827022219810,0.004294277506093150
2018-01-05,-0.003839264333711110,0.006404972212152330
2018-01-08,0.0016534100593861100,0.0006577940856201480
2018-01-09,-0.001004072421704290,-0.0020905864419618500
2018-01-10,0.0035665844607803900,-0.00022430100792300900
2018-01-11,-0.005614376559000300,0.016898193724240000
2018-01-12,-0.0008750680358074080,0.002411469534750150
2018-01-16,0.003931273563511490,-0.00953299307544518
2018-01-17,-0.00031187207885707200,0.007632018806523180
2018-01-18,0.0007756238071581130,-0.003682942122978520
2018-01-19,-0.0010665126475693300,0.007944462442719460
2018-01-22,0.00015685270694260100,0.007070970983198750
2018-01-23,0.002181724689224430,0.0025440176622000700
2018-01-24,-0.0010785804669216900,-0.003519544023236960
2018-01-25,-0.0023205226525088900,-0.0011027985149416400
2018-01-26,-0.003965589155749760,0.007002430023141270
2018-01-29,-0.0060371346279958700,-0.006815733043018900
2018-01-30,0.00013456210194048000,-0.009892280087598740
2018-01-31,-0.0014550312531241800,-0.0011239714412017900
2018-02-01,-0.004298857968251080,0.003629332850270640
2018-02-02,-0.004187204049129340,-0.020496706360847600
2018-02-05,-0.0017226995825662400,-0.031101421101730400
2018-02-06,0.007653277794276960,0.009903332860596920
2018-02-07,-0.0014845148548957700,0.0015982308238082600
2018-02-08,-0.005913414218336340,-0.025095422216763600
2018-02-09,-0.0030109482008545600,0.0007563925689237210
2018-02-12,0.0141036042236535,0.012201196683473700
2018-02-13,-0.002734644699940440,0.005228077251181850
2018-02-14,0.015204573738560700,0.017153330965388100
2018-02-15,0.0018843333153287000,0.009241937695175210
2018-02-16,0.0030436339074321000,0.002157599283137420
2018-02-20,0.002391015870305900,-0.007278626159694550
2018-02-21,-0.0031339433058255300,0.0033549639203507100
2018-02-22,0.002146426281041330,-1.00429133565853E-05
2018-02-23,0.00015506104425937500,0.010246631271394600
2018-02-26,-0.001838904159492950,0.005430404488464150
2018-02-27,-0.002081380194829390,-0.011959630451312800
2018-02-28,0.011080365411192700,-0.012156201512904800
2018-03-01,0.005933125852838890,-0.0066006497160032900
2018-03-02,-0.002550587415628330,0.011273648255861600
2018-03-05,-2.06446717642573E-05,0.008181287374082380
2018-03-06,-0.001750217775525970,0.005610563082012110
2018-03-07,-0.0023920864624889700,0.005219657992316350
2018-03-08,0.003884123033379940,0.0034015284520083900
2018-03-09,0.0006311922585141260,0.012335655311434800
2018-03-12,-0.00023562880646468700,0.001883979713684050
2018-03-13,0.004258261102719140,-0.0036308312290320900
2018-03-14,-0.0021872020351233500,-0.004547575167414980
2018-03-15,-0.00977875403464968,-0.0014994411085379200
2018-03-16,-0.0063994471110258400,0.005485557243920200
2018-03-19,0.0012875794335542300,-0.008393879735202220
2018-03-20,0.0026929187042289600,-0.004031417801547940
2018-03-21,0.0021123172363346800,0.005038681189772560
2018-03-22,-0.005549661530579030,-0.016940274673218600
2018-03-23,-0.0013817163972004900,-0.016363057066914000
2018-03-26,-0.003097423028917530,0.017332687672418900
2018-03-27,-0.006586335051760580,-0.015216549986118900
2018-03-28,0.0007052130480819430,-0.003533875697706240
2018-03-29,0.006052510529124370,0.009457110297187600
2018-04-02,-0.013232579704287200,-0.017412373238186700
2018-04-03,-0.005029598558684470,0.005673844594239890
2018-04-04,0.014715316011956700,0.009249345918359460
2018-04-05,0.00021781503420991100,0.004817699189404570
2018-04-06,-0.009878228254792970,-0.011513729686312200
2018-04-09,0.00402138228971724,-0.001482751100906500
2018-04-10,0.013013753586068800,0.014539020875075900
2018-04-11,0.008156373229430200,0.0012015543494116100
2018-04-12,0.005719160288330030,0.0026320758890666900
2018-04-13,-0.0007100550535617320,0.0005329679791093850
2018-04-16,-0.0008530876759946700,0.007382506794914830
2018-04-17,0.004400988172086900,0.0072947998725083400
2018-04-18,-0.0059316086174040400,0.0022050007264589900
2018-04-19,0.006709567397054400,-0.0053093958054316500
2018-04-20,0.0028371359696602700,-0.004502436122239700
2018-04-23,0.005675254956758990,-0.003901594553119580
2018-04-24,0.004872521968630470,-0.006742407228025750
2018-04-25,-0.0001131374662165120,-0.0016790564314775500
2018-04-26,-0.0032381270364399800,0.005542554699572380
2018-04-27,-0.0020014213604105500,-0.0007816486818803060
2018-04-30,-0.002609247082090090,-0.008726474933873870
2018-05-01,0.0015891852501642900,0.0021059849963723000
2018-05-02,0.005558237648707560,0.0013186357171167200
2018-05-03,0.008959775690673140,-0.0026137014736476900
2018-05-04,0.0006480166640004530,0.008404189623343330
2018-05-07,0.006150048480032140,0.003798223918148300
2018-05-08,-0.0017332554607865100,0.0013100635621212100
2018-05-09,-0.0015709966563903200,0.007849531464108940
2018-05-10,0.006755276243158600,0.0014539655994508200
2018-05-11,0.00035757351454225500,0.0002813290116357550
2018-05-14,0.0009148572982968170,0.0016348438954715900
2018-05-15,-0.0011347640786478600,-0.00113881451557989
2018-05-16,-0.002326458322317710,0.0033408131730310500
2018-05-17,-0.006949258300842100,0.005204873576385500
2018-05-18,0.00255737617934542,-0.0024963626093480100
2018-05-21,-0.003092315964033600,0.004923905245709870
2018-05-22,0.011233874151621000,-0.005628173155741410
2018-05-23,-0.0020931693455369100,0.001962476674463130
2018-05-24,0.0010754394128114400,-0.001121191275255190
2018-05-25,-0.0011418605911238000,-0.001605095601240250
2018-05-29,-0.00017911674734275300,-0.0055367853131876100
2018-05-30,-0.00013210604167361400,0.011756366876740000
2018-05-31,0.0036730585850819200,-0.004673046020574920
2018-06-01,-0.003979414986119910,0.007211957439397140
2018-06-04,0.0021131444816119400,-0.00033502138745050300
2018-06-05,0.0022427590266043500,0.004887213239830200
2018-06-06,-0.00909960456846523,0.004958153849987640
2018-06-07,0.008275050744601070,-0.0024547234695003100
2018-06-08,-0.001352984341115750,0.0012024253066676400
2018-06-11,-0.0007406402470149350,0.0016999354721578800
2018-06-12,0.00026732933902428800,0.001419228971933190
2018-06-13,0.0032771168680336700,-0.004321887198423310
2018-06-14,-0.003715336599510750,0.009454391906385770
2018-06-15,-0.0041245939843452900,-2.85823441129057E-05
2018-06-18,-0.0037917037037109900,-0.00029345497865887700
2018-06-19,-0.006889320056945310,-4.76867375081099E-05
2018-06-20,0.0033164397444884000,0.006758408327075200
2018-06-21,0.0046096181796158500,-0.009595743650146820
2018-06-22,-0.003196591882102470,0.0033727832371857800
2018-06-25,-0.0003597376214691080,-0.015440503969077300
2018-06-26,0.003645260390887310,0.007186385226310990
2018-06-27,0.012901026250884500,-0.018137458180494900
2018-06-28,0.0014916352704705400,-0.0004163845775753250
2018-06-29,0.002801892589980180,0.0019373010701544200
2018-07-02,-0.0007470389025459890,0.002092635582330650
2018-07-03,6.02245142826531E-05,0.005307138997388480
2018-07-05,-0.003566009119817330,0.0076931948543122900
2018-07-06,-0.0007312522318966100,0.005459420706325030
2018-07-09,0.011006484919932400,0.005512815214724630
2018-07-10,-0.003640144580342220,-0.003928501338659910
2018-07-11,0.0019846235328015500,-0.007462533710179460
2018-07-12,-0.002781837928752500,0.00407827769571014
2018-07-13,-0.0031957461286825100,0.0016220535955784700
2018-07-16,0.0009774542702465190,-0.006062388170829560
2018-07-17,-0.002263099918614670,0.0019611877474643100
2018-07-18,-0.0009977033940711770,0.0017977737588000600
2018-07-19,0.0011585204965324300,0.0025031934798483600
2018-07-20,-0.0043477267860147000,-0.0010456718571688000
2018-07-23,-0.001495341253952240,0.002133052419271220
2018-07-24,-0.0040240880859110000,-0.0048780248744752200
2018-07-25,-0.008558282208845980,0.0034146714025841200
2018-07-26,0.002569358466625740,0.005584183934604110
2018-07-27,-0.0050664556696882000,-0.011982962907190800
2018-07-30,-0.0027790018729741900,-0.004493989289049180
2018-07-31,0.007366125842987860,0.006082861830285360
2018-08-01,0.006177928060941770,-0.0029418982615228200
2018-08-02,-0.0004593882342807290,0.00475923582092915
2018-08-03,-0.0036561883411032800,0.0028167137507332100
2018-08-06,0.0005289689664901010,0.00028536366995477600
2018-08-07,0.0002066895476068230,-0.0013301988570422700
2018-08-08,0.008429056888567290,-0.0018115841437642600
2018-08-09,0.0034744008794566300,0.0005504698689144740
2018-08-10,-0.0005898377591550030,-0.004511034900675820
2018-08-13,-0.004066214609302900,-0.006648327033749640
2018-08-14,-0.0019117855946560600,0.006519248248996960
2018-08-15,-0.007929606831694980,-0.010622280401902100
2018-08-16,0.003845239885834550,0.007767529075182370
2018-08-17,-0.0005142111800713380,0.003612478478092880
2018-08-20,0.0013096514228697000,0.004836739804985250
2018-08-21,0.0022259515238577700,0.004600413482314140
2018-08-22,0.007844597788020740,0.0017918104897382500
2018-08-23,-0.004902728950629550,-0.0016462085652888300
2018-08-24,0.0006480379689637910,0.002827720671716800
2018-08-27,-0.0006778486441914340,0.0014468320833851900
2018-08-28,-0.004256937235350700,0.0008310056202834690
2018-08-29,-0.0024335588437779100,0.0035432474958972000
2018-08-30,-0.0026362019995315100,-0.0012238316221570400
2018-08-31,0.004276901471822910,0.004150789810007340
2018-09-04,-0.0008595959014497950,-0.0028495648607710700
2018-09-05,0.00880922298824526,-0.0036186868842521400
2018-09-06,0.0052718746703032900,-0.0068414601418021300
2018-09-07,-0.0021634203736277700,-0.0015004043297471500
2018-09-10,-0.004582106569881930,0.0028302259768214600
2018-09-11,0.0016038233086162000,0.004713503198543280
2018-09-12,0.0027994767191268500,-0.0017856932549467100
2018-09-13,0.003059380638483090,-0.00029495866955627200
2018-09-14,0.00047690745557808400,0.0012372339514746700
2018-09-17,-0.005064159920316770,-0.0031580642567762500
2018-09-18,0.001881640180327620,0.0034749594493653700
2018-09-19,0.0146883193321074,-0.0013955152434511500
2018-09-20,0.011698947165321500,0.007724798866961650
2018-09-21,-0.004860053853942360,-0.003113667850174870
2018-09-24,0.012860483789829500,-0.003643151870721470
2018-09-25,0.0019929201325060500,0.0003324828963385790
2018-09-26,0.001034454435626290,-0.003170200163562130
2018-09-27,0.003262266316908910,-0.0018254142177182400
2018-09-28,-0.00019238707574830300,-0.0019745484874826500
2018-10-01,-0.002388237794829360,-0.0013188456190983400
2018-10-02,0.0018325473398827100,-0.00658858479742773
2018-10-03,-0.0005258423053848010,0.006670060745992690
2018-10-04,0.00014369899847185000,-0.013089263150566900
2018-10-05,-0.003506297741015040,-0.0070222536460457
2018-10-08,-0.004039738551821120,-0.005824509431304520
2018-10-09,-0.01040484384617040,-1.23396275249653E-06
2018-10-10,-0.002851123725629430,-0.02583327322229040
2018-10-11,0.0046983114846931300,-0.01603307590398320
2018-10-12,0.016796267105344400,0.005037540090348700
2018-10-15,-0.011152028327865700,0.0016950065697143200
2018-10-16,0.02194950173863580,0.018629825791079000
2018-10-17,0.0004794574702548910,-0.0054679453124126800
2018-10-18,-0.003965706276844460,-0.01188707266157360
2018-10-19,-0.009592779906083730,-0.010301669812292500
2018-10-22,0.0006254259653814840,-0.00695142340807817
2018-10-23,-0.001661953237947790,-0.00904626645915853
2018-10-24,-0.0189362005578426,-0.026469773328941200
2018-10-25,0.012553623779646000,0.014106996300181600
2018-10-26,-0.0006110754174662450,-0.009695608298776540
2018-10-29,-0.014957011925562900,-0.008411795434263810
2018-10-30,0.005737193201162970,0.0093610639513366
2018-10-31,0.022151009972242000,0.006853501101623450
2018-11-01,0.028358656641746600,0.01911425175339630
2018-11-02,0.0036111276156367,-0.0010455990615587400
2018-11-05,0.008879883357089390,-0.00032961404857518100
2018-11-06,-0.0016198308915793000,0.004327370518867530
2018-11-07,0.003824712989762020,0.014371352626144200
2018-11-08,0.0008064326595525220,0.0002282237496238700
2018-11-09,0.008068668779909780,-0.01343723148881070
2018-11-12,0.0072581035336380400,-0.015427810828044
2018-11-13,-0.007843165041164900,-0.0019471827703407600
2018-11-14,0.003043361197724340,-0.009249604324276330
2018-11-15,0.0507353374551575,0.008929962037593330
2018-11-16,0.00023266679923372700,0.00285237123162355
2018-11-19,-0.0021819771515485000,-0.017075635272145200
2018-11-20,-0.0002457164700258790,-0.01434343672451550
2018-11-21,0.015158647139641600,0.01155762611922710
2018-11-23,-0.004997206851316630,0.0011753010100707600
2018-11-26,0.0036593493908670800,0.004545555877580200
2018-11-27,-0.012634742123080400,-0.006782711697381520
2018-11-28,-0.0004239763111939420,0.020121501783229000
2018-11-29,0.021650057642935400,-0.0024466436029671100
2018-11-30,-0.00999570481951621,0.002493862134225520
2018-12-03,0.004465234081978300,0.009465377307370950
2018-12-04,0.0008224015325684200,-0.03195323975557040
2018-12-06,-0.006886278768819010,-0.003115933788258170
2018-12-07,0.003689673818345980,-0.01553484036259640
2018-12-10,-0.01615559928832490,-0.004269721369242410
2018-12-11,-0.008390511036697790,-0.0025421531247689200
2018-12-12,0.0020481073627450900,0.0063206337105963800
2018-12-13,-0.012556014986111100,-0.010407792767906500
2018-12-14,-0.007552062279963030,-0.0135737540033654
2018-12-17,0.0016242074009364600,-0.02507980586839510
2018-12-18,-0.004326099408133920,-0.007642113777677400
2018-12-19,-0.010074112499200900,-0.014649821247357900
2018-12-20,-0.026095103789339600,-0.02379289603420570
2018-12-21,-0.01788751858447330,-0.02163557168574530
2018-12-24,-0.003937813976790920,-0.01474497287099460
2018-12-26,0.02274991144599320,0.030822303811466000
2018-12-27,0.0015706360547551100,0.000493577834619133
2018-12-28,0.01466400814026290,0.011663716224865700
2018-12-31,0.006768124753852590,0.005743146096253290
2019-01-02,0.05034224414830390,0.018022013387878800
2019-01-03,0.015246094532821400,-0.01179185375178790
2019-01-04,0.017621918816810800,0.030509175717565700
2019-01-07,0.014748202984348100,0.016942369145473500
2019-01-08,0.010824927679194000,0.010478993237787500
2019-01-09,0.00021372270174369000,0.009657618695567670
2019-01-10,0.0030867289268032800,0.0033655538544154200
2019-01-11,-0.0051119222578624000,0.0038846483481752300
2019-01-14,-0.0056419957633679100,-0.00665906688811234
2019-01-15,0.0003690504618276810,0.007277293798413440
2019-01-16,-0.0014225979881724300,0.00446948870473074
2019-01-17,-0.0008510611301699090,0.004453704159383
2019-01-18,-0.0045701470134865600,0.010387498623490100
2019-01-22,0.0042362447230472300,-0.011538924918288200
2019-01-23,0.009547708870012590,-0.0028037957028560100
2019-01-24,-0.002755338133934410,0.005871118430846360
2019-01-25,0.0003843002624099610,0.010659235327605800
2019-01-28,-0.009026213144247330,-0.003804745730643420
2019-01-29,0.005380469253157690,-0.0008038364800144080
2019-01-30,0.004866355101879840,0.011322102062022400
2019-01-31,-0.0013328809152014000,0.00974269629494425
2019-02-01,0.0029120794429166800,0.0022220535019382000
2019-02-04,0.008289009152788550,0.007477142680353280
2019-02-05,0.002152926904352660,0.002909873978853390
2019-02-06,-0.0029953478726461800,-0.0024255849639797700
2019-02-07,0.0010755075837482600,-0.007911934186874100
2019-02-08,-0.003929691419463670,-0.0004606673420517400
2019-02-11,-0.0026864145918894000,0.004897575746783610
2019-02-12,0.0011356425405292100,0.01123378246705850
2019-02-13,5.84620062993235E-05,0.0017855805153341800
2019-02-14,0.002285451144743940,-0.002618262412867140
2019-02-15,-0.0013102720703420100,0.009945755156530910
2019-02-19,0.0017548930888205500,0.006377389536277710
2019-02-20,-6.69567315691923E-06,0.001217532841215700
2019-02-21,-0.00016589667231589900,-0.0009138682488436330
2019-02-22,0.002395215608404090,0.008799267488405480
2019-02-25,0.009833902411902110,-0.0009676644638484840
2019-02-26,0.0051124626510157300,-0.0020753386415776000
2019-02-27,0.0012143983551255000,0.0005025620395390350
2019-02-28,0.003553270901744460,-0.0028765743318156400
2019-03-01,-0.0007128547684006810,0.01007735867809880
2019-03-04,-0.0029314464130407200,0.0020603782965318300
2019-03-05,0.004098144773511270,-0.002190221016652190
2019-03-06,-0.0018755786050370100,-0.01598430601753200
2019-03-07,-0.001560050670362720,-0.003297537738912300
2019-03-08,0.007106012575515390,-0.0029930584837306600
2019-03-11,6.9460576251977E-05,0.012870952723532300
2019-03-12,0.004394199951031410,0.002796914128359900
2019-03-13,-0.006888863648820290,0.003846574054230580
2019-03-14,-0.010809807223061100,0.007894297714470100
2019-03-15,0.001960485946074680,0.0038728467798666600
2019-03-18,0.0034612646638457800,0.013355860838090600
2019-03-19,-0.0021330588510547200,-0.0005042675581490100
2019-03-20,-0.00916686534492052,0.001008674881390370
2019-03-21,3.45803250701251E-05,0.004713633681424230
2019-03-22,0.0025141588243985800,-0.02094858431550220
2019-03-25,0.0009728118161412580,-0.0020578858582493800
2019-03-26,0.005454727288329800,0.0056139219187746600
2019-03-27,0.008395202321781980,-0.004457038489627660
2019-03-28,0.009931761584891930,0.005775298302504380
2019-03-29,-0.0008677856138897660,0.0045756182444272100
2019-04-01,0.008159091046778980,0.007257418794710580
2019-04-02,0.0037762433665018000,-0.00041314471132921800
2019-04-03,-0.0033368643079460800,0.0002869161559369730
2019-04-04,-0.0035971947082088700,0.0032651108768024200
2019-04-05,0.0015187468256701700,0.009305580103898330
2019-04-08,0.003760895596878540,0.00021767078784181000
2019-04-09,0.012012423306170000,-0.0116390778311823
2019-04-10,-0.0042214117063596500,0.009632209774045120
2019-04-11,0.001704816218107500,-0.0015676028407268900
2019-04-12,-0.005500903048024080,0.004504449908061240
2019-04-15,-0.004331256690145890,-0.004571654265478430
2019-04-16,-0.006944697995208880,0.0028994245895381600
2019-04-17,-0.010301027104302400,-0.005228155938369510
2019-04-18,-0.0005879163786057690,-0.001229191249625670
2019-04-22,0.0006765626380521520,-0.001935706959538400
2019-04-23,0.004969498560797640,0.009621574221525840
2019-04-24,0.0010951971075690100,0.0003991857155104420
2019-04-25,0.0006824649619736020,-0.0072474581025870700
2019-04-26,0.002981137543120890,0.005255642340279280
2019-04-29,0.005207920732481280,0.002829339725879470
2019-04-30,-0.002943875575463280,-0.0015696498514039200
2019-05-01,9.37216864544312E-05,-0.007358030714161400